"","speccode","english_name","scientific_name","taxonomic_rank","P.1","P.2","P.3","lat_mean.P.1","distrib.core","scientific_name_ET","PassNonPass","IOCOrder","Taxo","english_name_ET","Diet.Inv","Diet.Vend","Diet.Vect","Diet.Vfish","Diet.Vunk","Diet.Scav","Diet.Fruit","Diet.Nect","Diet.Seed","Diet.PlantO","Diet.5Cat","Diet.Source","Diet.Certainty","Diet.EnteredBy","ForStrat.watbelowsurf","ForStrat.wataroundsurf","ForStrat.ground","ForStrat.understory","ForStrat.midhigh","ForStrat.canopy","ForStrat.aerial","PelagicSpecialist","ForStrat.Source","ForStrat.SpecLevel","ForStrat.EnteredBy","Nocturnal","BodyMass.Value","BodyMass.Source","BodyMass.SpecLevel","BodyMass.Comment","Record.Comment","migrate.strategy.3","migrate.strategy.4","migrate.distance"
"1",1,"Red-throated Diver","Gavia stellata","Species",310,379,345,57.8495818187683,"north","Gavia stellata","Nonpasseriformes","Gaviiformes","BL3","Red-throated Loon",10,0,0,90,0,0,0,0,0,0,"VertFishScav","Ref_1","A","Jennifer",0,100,0,0,0,0,0,0,"Ref_1",1,"Jessica",0,1486,"Dunning08",1,"","","strict_mig","variable",2327.05949781491
"2",2,"Black-throated Diver","Gavia arctica","Species",212,199,218,57.3793224574369,"north","Gavia arctica","Nonpasseriformes","Gaviiformes","BL3","Arctic Loon",20,0,0,70,0,0,0,0,0,10,"VertFishScav","Ref_1","A","Jennifer",0,100,0,0,0,0,0,0,"Ref_1",1,"Jessica",0,2251.1,"Dunning08",1,"","","strict_mig","variable",2762.75092535912
"3",6,"Little Grebe","Tachybaptus ruficollis","Species",1366,1275,1685,53.4802697289617,"south","Tachybaptus ruficollis","Nonpasseriformes","Podicipediformes","BL3","Little Grebe",80,0,20,0,0,0,0,0,0,0,"Invertebrate","Ref_1","A","Jennifer",70,30,0,0,0,0,0,0,"Ref_1",1,"Jessica",0,169.43,"Dunning08",1,"","","partial_mig","short",2949.56632507474
"4",7,"Great Crested Grebe","Podiceps cristatus","Species",762,892,1001,53.0239393556036,"south","Podiceps cristatus","Nonpasseriformes","Podicipediformes","BL3","Great Crested Grebe",30,0,10,60,0,0,0,0,0,0,"VertFishScav","Ref_1","A","Jennifer",70,30,0,0,0,0,0,0,"Ref_1",1,"Jessica",0,730.96,"Dunning08",1,"","","partial_mig","variable",2548.1801843138
"5",12,"Fulmar","Fulmarus glacialis","Species",556,622,536,55.8534151465313,"north","Fulmarus glacialis","Nonpasseriformes","Procellariiformes","BL3","Northern Fulmar",40,0,0,60,0,0,0,0,0,0,"VertFishScav","Ref_1","A","Jennifer",20,80,0,0,0,0,0,1,"Ref_1",1,"Jessica",0,611.94,"Dunning08",1,"","","strict_mig","variable",1286.33947495694
"6",26,"Cormorant","Phalacrocorax carbo","Species",403,971,534,55.6060242707511,"north","Phalacrocorax carbo","Nonpasseriformes","Suliformes","BL3","Great Cormorant",10,0,10,80,0,0,0,0,0,0,"VertFishScav","Ref_1","A","Jennifer",100,0,0,0,0,0,0,0,"Ref_1",1,"Jessica",0,2528.97,"Dunning08",1,"","","partial_mig","variable",2166.37144732647
"7",27,"Shag","Phalacrocorax aristotelis","Species",505,548,463,56.1009095524574,"north","Phalacrocorax aristotelis","Nonpasseriformes","Suliformes","BL3","European Shag",0,0,0,100,0,0,0,0,0,0,"VertFishScav","Ref_1","A","Jennifer",100,0,0,0,0,0,0,1,"Ref_1",1,"Jessica",0,1764.34,"Dunning08",1,"","","strict_mig","short",779.315083126229
"8",39,"Grey Heron","Ardea cinerea","Species",1687,2335,1936,54.2723743021642,"north","Ardea cinerea","Nonpasseriformes","Pelecaniformes","BL3","Grey Heron",20,10,10,60,0,0,0,0,0,0,"VertFishScav","Ref_1","A","Jennifer",0,70,30,0,0,0,0,0,"Ref_1",1,"Morgane",0,1443,"Dunning08",1,"","","partial_mig","variable",3493.5353623925
"9",46,"Mute Swan","Cygnus olor","Species",1623,1579,1770,53.5140124145823,"south","Cygnus olor","Nonpasseriformes","Anseriformes","BL3","Mute Swan",10,0,10,0,0,0,0,0,0,80,"PlantSeed","Ref_1","A","Jennifer",0,100,0,0,0,0,0,0,"Ref_1",1,"Jessica",0,10682.04,"Dunning08",1,"","","partial_mig","variable",1406.13522212671
"10",53,"Greylag Goose","Anser anser","Species",200,718,1667,55.2803733919741,"north","Anser anser","Nonpasseriformes","Anseriformes","BL3","Greylag Goose",0,0,0,0,0,0,10,0,10,80,"PlantSeed","Ref_1","A","Jennifer",0,20,80,0,0,0,0,0,"Ref_1",1,"Jessica",0,3302.41,"Dunning08",1,"","","strict_mig","long",2470.91265203974
"11",55,"Canada Goose","Branta canadensis","Species",681,1196,1790,52.6409685005342,"south","Branta canadensis","Nonpasseriformes","Anseriformes","BL3","Canada Goose",0,0,0,0,0,0,10,0,0,90,"PlantSeed","Ref_1","A","Jennifer",0,40,60,0,0,0,0,0,"Ref_1",1,"Jessica",0,2811.68,"Dunning08",1,"","","partial_mig","variable",1744.14690824312
"12",61,"Shelduck","Tadorna tadorna","Species",806,959,1142,54.5261907113377,"north","Tadorna tadorna","Nonpasseriformes","Anseriformes","BL3","Common Shelduck",70,0,0,20,0,0,0,0,0,10,"Invertebrate","Ref_1","A","Jennifer",0,90,10,0,0,0,0,0,"Ref_1",1,"Other",0,1146.83,"Dunning08",1,"","","resident","resident",0
"13",64,"Wigeon","Mareca penelope","Species",283,360,358,56.1726953066462,"north","Anas penelope","Nonpasseriformes","Anseriformes","BL3","Eurasian Wigeon",0,0,0,0,0,0,0,0,20,80,"PlantSeed","Ref_1","A","Jennifer",0,50,50,0,0,0,0,0,"Ref_1",1,"Jessica",0,770.03,"Dunning08",1,"","","strict_mig","long",4201.36189098211
"14",66,"Gadwall","Mareca strepera","Species",158,357,713,53.0740883353469,"south","Anas strepera","Nonpasseriformes","Anseriformes","BL3","Gadwall",0,0,0,0,0,0,0,0,30,70,"PlantSeed","Ref_1","A","Jennifer",0,80,20,0,0,0,0,0,"Ref_1",1,"Jessica",0,915.58,"Dunning08",1,"","","partial_mig","variable",1907.45612480075
"15",68,"Teal","Anas crecca","Species",1376,1147,1187,54.6693976985636,"north","Anas crecca","Nonpasseriformes","Anseriformes","BL3","Common Teal",30,0,0,0,0,0,0,0,20,50,"PlantSeed","Ref_1","A","Jennifer",0,100,0,0,0,0,0,0,"Ref_1",1,"Jessica",0,341.89,"Dunning08",1,"","","partial_mig","long",3765.05021200495
"16",69,"Mallard","Anas platyrhynchos","Species",2630,2596,2663,54.1242685551167,"south","Anas platyrhynchos","Nonpasseriformes","Anseriformes","BL3","Mallard",40,0,10,10,0,0,0,0,20,20,"Omnivore","Ref_1","A","Jennifer",20,60,20,0,0,0,0,0,"Ref_1",1,"Jessica",0,843.42,"Dunning08",1,"","","partial_mig","variable",1957.5314288915
"17",71,"Pintail","Anas acuta","Species",86,85,66,55.1871759555132,"north","Anas acuta","Nonpasseriformes","Anseriformes","BL3","Northern Pintail",20,0,0,0,10,0,0,0,20,50,"PlantSeed","Ref_1","A","Jennifer",0,70,30,0,0,0,0,0,"Ref_1",1,"Jessica",0,944.62,"Dunning08",1,"","","strict_mig","long",3127.76565604175
"18",72,"Garganey","Spatula querquedula","Species",136,138,199,52.3938569241278,"south","Anas querquedula","Nonpasseriformes","Anseriformes","BL3","Garganey",40,0,10,10,0,0,0,0,10,30,"Omnivore","Ref_1","A","Jennifer",100,0,0,0,0,0,0,0,"Ref_1",1,"Jessica",0,325.6,"Dunning08",1,"","","strict_mig","long",4227.1056502153
"19",74,"Shoveler","Spatula clypeata","Species",520,454,511,53.5764871979807,"south","Anas clypeata","Nonpasseriformes","Anseriformes","BL3","Northern Shoveler",60,0,0,0,0,0,0,0,20,20,"Invertebrate","Ref_1","A","Jennifer",20,80,0,0,0,0,0,0,"Ref_1",1,"Jessica",0,612.56,"Dunning08",1,"","","strict_mig","long",2829.69546062312
"20",76,"Pochard","Aythya ferina","Species",512,511,318,53.3936220033012,"south","Aythya ferina","Nonpasseriformes","Anseriformes","BL3","Common Pochard",10,0,10,10,0,0,0,0,20,50,"PlantSeed","Ref_1","A","Jennifer",50,50,0,0,0,0,0,0,"Ref_1",1,"Jessica",0,822.99,"Dunning08",1,"","","partial_mig","variable",2949.90053465761
"21",79,"Tufted Duck","Aythya fuligula","Species",1290,1484,1714,53.8918635837725,"south","Aythya fuligula","Nonpasseriformes","Anseriformes","BL3","Tufted Duck",50,0,0,0,0,10,0,0,20,20,"Omnivore","Ref_1","A","Jennifer",60,40,0,0,0,0,0,0,"Ref_1",1,"Jessica",0,701.17,"Dunning08",1,"","","partial_mig","variable",3272.94682711458
"22",81,"Eider","Somateria mollissima","Species",460,488,465,57.3336457365714,"north","Somateria mollissima","Nonpasseriformes","Anseriformes","BL3","Common Eider",70,0,0,10,0,0,10,0,0,10,"Invertebrate","Ref_1","A","Jennifer",80,20,0,0,0,0,0,0,"Ref_1",1,"Jessica",0,2060.93,"Dunning08",1,"","","strict_mig","variable",1074.19291031255
"23",94,"Red-breasted Merganser","Mergus serrator","Species",666,674,536,56.7487400950022,"north","Mergus serrator","Nonpasseriformes","Anseriformes","BL3","Red-breasted Merganser",20,0,0,70,0,0,0,0,0,10,"VertFishScav","Ref_1","A","Jennifer",80,20,0,0,0,0,0,0,"Ref_1",1,"Jessica",0,1015.17,"Dunning08",1,"","","strict_mig","long",2273.32536400558
"24",95,"Goosander","Mergus merganser","Species",411,674,870,56.2777404191514,"north","Mergus merganser","Nonpasseriformes","Anseriformes","BL3","Common Merganser",10,10,10,70,0,0,0,0,0,0,"VertFishScav","Ref_1","A","Jennifer",80,20,0,0,0,0,0,0,"Ref_1",1,"Jessica",0,1451.02,"Dunning08",1,"","","partial_mig","variable",1930.77314840174
"25",105,"Hen Harrier","Circus cyaneus","Species",373,498,481,56.3647888926848,"north","Circus cyaneus","Nonpasseriformes","Accipitriformes","BL3","Northern Harrier",10,70,10,0,0,10,0,0,0,0,"VertFishScav","Ref_2","A","Jennifer",0,0,100,0,0,0,0,0,"Ref_2",1,"Jessica",0,392.98,"Dunning08",1,"","","partial_mig","variable",2791.02825856589
"26",109,"Sparrowhawk","Accipiter nisus","Species",1823,2178,2342,53.7269960663955,"south","Accipiter nisus","Nonpasseriformes","Accipitriformes","BL3","Eurasian Sparrowhawk",0,100,0,0,0,0,0,0,0,0,"VertFishScav","Ref_2","A","Jennifer",0,0,20,20,20,20,20,0,"Ref_2",1,"Jessica",0,220.79,"Dunning08",1,"","","partial_mig","variable",2989.56519493249
"27",110,"Buzzard","Buteo buteo","Species",1426,1544,2573,54.3721927515634,"north","Buteo buteo","Nonpasseriformes","Accipitriformes","BL3","Common Buzzard",0,90,10,0,0,0,0,0,0,0,"VertFishScav","Ref_2","A","Jennifer",0,0,100,0,0,0,0,0,"Ref_2",1,"Jessica",0,759.1,"Dunning08",1,"","","partial_mig","long",2156.04994535139
"28",113,"Golden Eagle","Aquila chrysaetos","Species",375,398,401,57.1096957799509,"north","Aquila chrysaetos","Nonpasseriformes","Accipitriformes","BL3","Golden Eagle",0,80,10,0,0,10,0,0,0,0,"VertFishScav","Ref_2","A","Jennifer",0,0,100,0,0,0,0,0,"Ref_2",1,"Jessica",0,4247.97,"Dunning08",1,"","","partial_mig","variable",1626.20356579046
"29",116,"Kestrel","Falco tinnunculus","Species",2590,2480,2451,53.9333548804927,"south","Falco tinnunculus","Nonpasseriformes","Falconiformes","BL3","Common Kestrel",10,90,0,0,0,0,0,0,0,0,"VertFishScav","Ref_2","A","Jennifer",0,0,80,10,10,0,0,0,"Ref_2",1,"Jessica",0,183.21,"Dunning08",1,"","","partial_mig","variable",3093.09348548867
"30",119,"Merlin","Falco columbarius","Species",598,693,663,55.5846756639767,"north","Falco columbarius","Nonpasseriformes","Falconiformes","BL3","Merlin",20,80,0,0,0,0,0,0,0,0,"VertFishScav","Ref_2","A","Jennifer",0,0,0,33,33,0,33,0,"Ref_2",1,"Jessica",0,188.5,"Dunning08",1,"","","partial_mig","long",2282.94992836866
"31",120,"Hobby","Falco subbuteo","Species",259,625,1033,51.5053919200905,"south","Falco subbuteo","Nonpasseriformes","Falconiformes","BL3","Eurasian Hobby",70,30,0,0,0,0,0,0,0,0,"Invertebrate","Ref_2","A","Jennifer",0,0,0,33,33,0,33,0,"Ref_2",1,"Jessica",0,208.17,"Dunning08",1,"","","strict_mig","long",5599.00039022956
"32",124,"Peregrine","Falco peregrinus","Species",515,1048,1457,56.2931303024577,"north","Falco peregrinus","Nonpasseriformes","Falconiformes","BL3","Peregrine Falcon",10,80,10,0,0,0,0,0,0,0,"VertFishScav","Ref_2","A","Jennifer",0,0,20,20,20,20,20,0,"Ref_2",1,"Other",0,759.95,"Dunning08",1,"","","partial_mig","long",3708.45559229388
"33",125,"Red Grouse","Lagopus lagopus","Species",1082,945,848,55.8697829039096,"north","Lagopus lagopus","Nonpasseriformes","Galliformes","BL3","Willow Ptarmigan",0,0,0,0,0,0,10,0,0,90,"PlantSeed","Ref_2","A","Jennifer",0,0,100,0,0,0,0,0,"Ref_2",1,"Jessica",0,566.86,"Dunning08",1,"","","partial_mig","short",1214.71783844824
"34",126,"Ptarmigan","Lagopus muta","Species",195,173,175,57.1527273456942,"north","Lagopus muta","Nonpasseriformes","Galliformes","BL3","Rock Ptarmigan",0,0,0,0,0,0,20,0,10,70,"PlantSeed","Ref_2","A","Jennifer",0,0,80,20,0,0,0,0,"Ref_2",1,"Jessica",0,535.3,"Dunning08",1,"","","partial_mig","short",1777.63433410201
"35",127,"Black Grouse","Lyrurus tetrix","Species",603,432,433,55.5336153913089,"north","Tetrao tetrix","Nonpasseriformes","Galliformes","BL3","Black Grouse",10,0,0,0,0,0,10,0,10,70,"PlantSeed","Ref_2","A","Jennifer",0,0,100,0,0,0,0,0,"Ref_2",1,"Jessica",0,1068.66,"Dunning08",1,"","","resident","resident",0
"36",128,"Capercaillie","Tetrao urogallus","Species",182,66,51,56.9651263719619,"north","Tetrao urogallus","Nonpasseriformes","Galliformes","BL3","Western Capercaillie",0,0,0,0,0,0,10,0,0,90,"PlantSeed","Ref_2","A","Jennifer",0,0,100,0,0,0,0,0,"Ref_2",1,"Jessica",0,2716.61,"Dunning08",1,"","","resident","resident",0
"37",130,"Red-legged Partridge","Alectoris rufa","Species",919,1214,1638,52.3891371911515,"south","Alectoris rufa","Nonpasseriformes","Galliformes","BL3","Red-legged Partridge",10,0,0,0,0,0,10,0,20,60,"PlantSeed","Ref_2","A","Jennifer",0,0,100,0,0,0,0,0,"Ref_2",1,"Jessica",0,527.86,"Dunning08",1,"","","resident","resident",0
"38",131,"Grey Partridge","Perdix perdix","Species",2005,1629,1230,53.4346320788553,"south","Perdix perdix","Nonpasseriformes","Galliformes","BL3","Grey Partridge",30,0,0,0,0,0,0,0,30,40,"PlantSeed","Ref_2","A","Jennifer",0,0,100,0,0,0,0,0,"Ref_2",1,"Jessica",0,405.3,"Dunning08",1,"","","resident","resident",0
"39",132,"Quail","Coturnix coturnix","Species",405,804,867,52.357300099965,"south","Coturnix coturnix","Nonpasseriformes","Galliformes","BL3","Common Quail",20,0,0,0,0,0,0,0,80,0,"PlantSeed","Ref_2","A","Jennifer",0,0,100,0,0,0,0,0,"Ref_2",1,"Jessica",0,96.28,"Dunning08",1,"","","partial_mig","variable",3511.6461072144
"40",133,"Pheasant","Phasianus colchicus","Species",2250,2269,2379,53.5575727928632,"south","Phasianus colchicus","Nonpasseriformes","Galliformes","BL3","Common Pheasant",10,0,0,0,0,0,30,0,30,30,"PlantSeed","Ref_2","A","Jennifer",0,0,100,0,0,0,0,0,"Ref_2",1,"Jessica",0,1120.31,"Dunning08",1,"","","resident","resident",0
"41",136,"Water Rail","Rallus aquaticus","Species",633,420,678,52.8477857518409,"south","Rallus aquaticus","Nonpasseriformes","Gruiformes","BL3","Water Rail",20,20,10,10,0,0,10,0,10,20,"Omnivore","Ref_3","A","Carolina",10,40,40,10,0,0,0,0,"Ref_3",1,"Other",0,110.67,"Dunning08",1,"","","partial_mig","variable",1768.64460304583
"42",141,"Corncrake","Crex crex","Species",660,161,184,55.3008192002369,"north","Crex crex","Nonpasseriformes","Gruiformes","BL3","Corncrake",30,20,10,0,0,0,0,0,20,20,"Omnivore","Ref_3","A","Carolina",0,0,70,30,0,0,0,0,"Ref_3",1,"Jessica",0,154.91,"Dunning08",1,"","","strict_mig","long",7298.36403247875
"43",142,"Moorhen","Gallinula chloropus","Species",2240,2032,2067,53.5531233643734,"south","Gallinula chloropus","Nonpasseriformes","Gruiformes","BL3","Common Moorhen",20,0,10,10,0,0,20,0,20,20,"Omnivore","Ref_3","A","Carolina",0,20,60,20,0,0,0,0,"Ref_3",1,"Jessica",0,339.63,"Dunning08",1,"","","partial_mig","variable",3059.93653851313
"44",145,"Coot","Fulica atra","Species",1690,1603,1625,53.3820536837313,"south","Fulica atra","Nonpasseriformes","Gruiformes","BL3","Common Coot",10,10,10,10,0,0,0,0,30,30,"PlantSeed","Ref_3","A","Carolina",50,50,0,0,0,0,0,0,"Ref_3",1,"Jessica",0,717.12,"Dunning08",1,"","","partial_mig","variable",3087.85245513514
"45",152,"Oystercatcher","Haematopus ostralegus","Species",1532,1702,1961,55.7140982923653,"north","Haematopus ostralegus","Nonpasseriformes","Charadriiformes","BL3","Eurasian Oystercatcher",90,0,0,10,0,0,0,0,0,0,"Invertebrate","Ref_3","A","Carolina",0,40,60,0,0,0,0,0,"Ref_3",1,"Morgane; Walter",0,526,"Dunning08",1,"","","strict_mig","long",3170.20987501215
"46",155,"Stone-curlew","Burhinus oedicnemus","Species",93,54,50,51.7509303873884,"south","Burhinus oedicnemus","Nonpasseriformes","Charadriiformes","BL3","Eurasian Thick-knee",50,20,20,0,0,0,0,0,10,0,"Omnivore","Ref_3","A","Carolina",0,0,80,20,0,0,0,0,"Ref_3",1,"Jessica",0,459,"Dunning08",1,"","","partial_mig","variable",2598.73896738134
"47",159,"Little Ringed Plover","Charadrius dubius","Species",288,420,597,52.7428286013354,"south","Charadrius dubius","Nonpasseriformes","Charadriiformes","BL3","Little Ringed Plover",100,0,0,0,0,0,0,0,0,0,"Invertebrate","Ref_3","A","Carolina",0,20,80,0,0,0,0,0,"Ref_3",1,"Jessica",0,38.7,"Dunning08",1,"","","partial_mig","long",3864.70054398555
"48",160,"Ringed Plover","Charadrius hiaticula","Species",916,1025,956,55.5993832982707,"north","Charadrius hiaticula","Nonpasseriformes","Charadriiformes","BL3","Common Ringed Plover",100,0,0,0,0,0,0,0,0,0,"Invertebrate","Ref_3","A","Carolina",0,0,100,0,0,0,0,0,"Ref_3",1,"Jessica",0,64.04,"Dunning08",1,"","","strict_mig","long",6201.34722081075
"49",167,"Golden Plover","Pluvialis apricaria","Species",849,784,682,56.4650618151703,"north","Pluvialis apricaria","Nonpasseriformes","Charadriiformes","BL3","Eurasian Golden Plover",70,0,0,0,0,0,10,0,10,10,"Invertebrate","Ref_3","A","Carolina",0,0,100,0,0,0,0,0,"Ref_3",1,"Jessica",0,214,"Dunning08",1,"","","strict_mig","long",2176.49794398796
"50",171,"Lapwing","Vanellus vanellus","Species",2573,2340,2126,54.1901765634063,"south","Vanellus vanellus","Nonpasseriformes","Charadriiformes","BL3","Northern Lapwing",100,0,0,0,0,0,0,0,0,0,"Invertebrate","Ref_3","A","Carolina",0,0,100,0,0,0,0,0,"Ref_3",1,"Jessica",0,218.37,"Dunning08",1,"","","partial_mig","variable",2365.38036034995
"51",186,"Dunlin","Calidris alpina","Species",472,569,422,56.527186159232,"north","Calidris alpina","Nonpasseriformes","Charadriiformes","BL3","Dunlin",80,0,0,0,0,0,0,0,0,20,"Invertebrate","Ref_3","A","Carolina",0,20,80,0,0,0,0,0,"Ref_3",1,"Jessica",0,51.89,"Dunning08",1,"","","strict_mig","long",3558.13234371812
"52",192,"Snipe","Gallinago gallinago","Species",2231,1806,1542,54.5291404678588,"north","Gallinago gallinago","Nonpasseriformes","Charadriiformes","BL3","Common Snipe",80,0,0,0,0,0,0,0,10,10,"Invertebrate","Ref_3","A","Carolina",0,20,80,0,0,0,0,0,"Ref_3",1,"Jessica",0,112.94,"Dunning08",1,"","","partial_mig","long",4061.77670841514
"53",196,"Woodcock","Scolopax rusticola","Species",1693,1204,852,54.2032166851726,"south","Scolopax rusticola","Nonpasseriformes","Charadriiformes","BL3","Eurasian Woodcock",70,0,0,0,0,0,10,0,10,10,"Invertebrate","Ref_3","A","Carolina",0,20,80,0,0,0,0,0,"Ref_3",1,"Jessica",0,308.31,"Dunning08",1,"","","partial_mig","long",2761.27397433335
"54",203,"Curlew","Numenius arquata","Species",1947,1893,1624,54.8587267623905,"north","Numenius arquata","Nonpasseriformes","Charadriiformes","BL3","Eurasian Curlew",40,0,0,0,0,0,30,0,30,0,"Omnivore","Ref_3","A","Carolina",0,20,80,0,0,0,0,0,"Ref_3",1,"Jessica",0,802.99,"Dunning08",1,"","","strict_mig","long",3973.21630845498
"55",206,"Redshank","Tringa totanus","Species",1672,1473,961,54.7581167157467,"north","Tringa totanus","Nonpasseriformes","Charadriiformes","BL3","Common Redshank",80,0,10,10,0,0,0,0,0,0,"Invertebrate","Ref_3","A","Carolina",0,80,20,0,0,0,0,0,"Ref_3",1,"Jessica",0,129,"Dunning08",1,"","","partial_mig","long",2956.79654127714
"56",208,"Greenshank","Tringa nebularia","Species",253,243,257,57.5773249095183,"north","Tringa nebularia","Nonpasseriformes","Charadriiformes","BL3","Common Greenshank",80,10,0,10,0,0,0,0,0,0,"Invertebrate","Ref_3","A","Carolina",0,60,40,0,0,0,0,0,"Ref_3",1,"Jessica",0,187,"Dunning08",1,"","","strict_mig","long",5392.47586512144
"57",215,"Common Sandpiper","Actitis hypoleucos","Species",1406,1424,1211,55.4837974085979,"north","Actitis hypoleucos","Nonpasseriformes","Charadriiformes","BL3","Common Sandpiper",50,0,20,20,0,0,0,0,0,10,"Omnivore","Ref_3","A","Carolina",0,50,50,0,0,0,0,0,"Ref_3",1,"Jessica",0,48,"Dunning08",1,"","","strict_mig","long",4825.59460284028
"58",222,"Arctic Skua","Stercorarius parasiticus","Species",138,166,119,58.7271408479515,"north","Stercorarius parasiticus","Nonpasseriformes","Charadriiformes","BL3","Parasitic Jaeger",20,30,0,30,0,0,20,0,0,0,"VertFishScav","Ref_3","A","Carolina",0,0,100,0,0,0,0,0,"Ref_3",1,"Jessica",0,444.31,"Dunning08",1,"","","strict_mig","long",10873.5970421705
"59",224,"Great Skua","Stercorarius skua","Species",85,141,160,59.4752748445329,"north","Catharacta skua","Nonpasseriformes","Charadriiformes","BL3","Great Skua",0,20,0,60,0,20,0,0,0,0,"VertFishScav","Ref_3","A","Carolina",0,80,20,0,0,0,0,1,"Ref_3",1,"Other",0,1338.22,"Dunning08",1,"","","strict_mig","variable",1483.59667786618
"60",232,"Black-headed Gull","Chroicocephalus ridibundus","Species",1272,1913,999,55.3866067537948,"north","Larus ridibundus","Nonpasseriformes","Charadriiformes","BL3","Black-headed Gull",70,0,0,20,0,0,0,0,10,0,"Invertebrate","Ref_3","A","Carolina",0,50,50,0,0,0,0,0,"Ref_3",1,"Jessica",0,284,"Dunning08",1,"","","strict_mig","variable",3196.214288959
"61",235,"Common Gull","Larus canus","Species",849,1258,759,57.0580722872428,"north","Larus canus","Nonpasseriformes","Charadriiformes","BL3","Mew Gull",40,0,0,40,0,10,0,0,0,10,"Omnivore","Ref_3","A","Jennifer",20,40,40,0,0,0,0,1,"Ref_3",1,"Other",0,412.53,"Dunning08",1,"","","strict_mig","variable",1707.78086486631
"62",236,"Lesser Black-backed Gull","Larus fuscus","Species",673,1441,968,55.9393316689512,"north","Larus fuscus","Nonpasseriformes","Charadriiformes","BL3","Lesser Black-backed Gull",30,20,0,30,0,10,10,0,0,0,"VertFishScav","Ref_3","A","Carolina",40,30,30,0,0,0,0,0,"Ref_3",1,"Other",0,762.36,"Dunning08",1,"","","strict_mig","long",3809.4755135814
"63",237,"Herring Gull","Larus argentatus","Species",875,1544,1194,55.5446715333687,"north","Larus argentatus","Nonpasseriformes","Charadriiformes","BL3","Herring Gull",30,10,0,40,0,20,0,0,0,0,"VertFishScav","Ref_3","A","Carolina",20,40,40,0,0,0,0,1,"Ref_3",1,"Other",0,1090.99,"Dunning08",1,"","","partial_mig","variable",818.489309550703
"64",240,"Great Black-backed Gull","Larus marinus","Species",632,1035,662,56.0678430070232,"north","Larus marinus","Nonpasseriformes","Charadriiformes","BL3","Great Black-backed Gull",20,20,0,0,0,20,20,0,20,0,"Omnivore","Ref_3","A","Carolina",0,20,80,0,0,0,0,1,"Ref_3",1,"Jessica",0,1649.71,"Dunning08",1,"","","partial_mig","variable",682.195125442616
"65",242,"Kittiwake","Rissa tridactyla","Species",288,349,235,56.404548805154,"north","Rissa tridactyla","Nonpasseriformes","Charadriiformes","BL3","Black-legged Kittiwake",30,20,0,30,0,0,0,0,10,10,"Omnivore","Ref_3","A","Carolina",100,0,0,0,0,0,0,1,"Ref_3",1,"Jessica",0,415.99,"Dunning08",1,"","","strict_mig","long",1975.41713681862
"66",248,"Sandwich Tern","Thalasseus sandvicensis","Species",110,223,66,55.6095394867902,"north","Sterna sandvicensis","Nonpasseriformes","Charadriiformes","BL3","Sandwich Tern",10,0,0,90,0,0,0,0,0,0,"VertFishScav","Ref_3","A","Carolina",70,20,10,0,0,0,0,1,"Ref_3",1,"Other",0,199.83,"Dunning08",1,"","","partial_mig","long",2831.84223738515
"67",250,"Common Tern","Sterna hirundo","Species",630,761,635,55.7910036577342,"north","Sterna hirundo","Nonpasseriformes","Charadriiformes","BL3","Common Tern",10,0,0,80,0,10,0,0,0,0,"VertFishScav","Ref_3","A","Carolina",80,20,0,0,0,0,0,0,"Ref_3",1,"Jessica",0,129.15,"Dunning08",1,"","","strict_mig","long",5323.8800760243
"68",251,"Arctic Tern","Sterna paradisaea","Species",418,386,283,57.2027626466387,"north","Sterna paradisaea","Nonpasseriformes","Charadriiformes","BL3","Arctic Tern",10,0,0,80,0,10,0,0,0,0,"VertFishScav","Ref_3","A","Carolina",40,60,0,0,0,0,0,0,"Ref_3",1,"Other",0,110,"Dunning08",1,"","","strict_mig","long",14275.5260197575
"69",256,"Little Tern","Sternula albifrons","Species",166,157,102,54.1501284513264,"south","Sterna albifrons","Nonpasseriformes","Charadriiformes","BL3","Little Tern",40,0,0,60,0,0,0,0,0,0,"VertFishScav","Ref_3","A","Carolina",100,0,0,0,0,0,0,1,"Ref_3",1,"Jessica",0,57,"Dunning08",1,"","","partial_mig","long",4177.79336148269
"70",260,"Guillemot","Uria aalge","Species",291,317,222,56.3686609617606,"north","Uria aalge","Nonpasseriformes","Charadriiformes","BL3","Common Guillemot",10,0,0,90,0,0,0,0,0,0,"VertFishScav","Ref_3","A","Carolina",100,0,0,0,0,0,0,1,"Ref_3",1,"Jessica",0,991.93,"Dunning08",1,"","","strict_mig","variable",1253.51648603149
"71",262,"Razorbill","Alca torda","Species",281,297,234,56.2272152140298,"north","Alca torda","Nonpasseriformes","Charadriiformes","BL3","Razorbill",20,0,0,80,0,0,0,0,0,0,"VertFishScav","Ref_3","A","Carolina",100,0,0,0,0,0,0,1,"Ref_3",1,"Jessica",0,725.99,"Dunning08",1,"","","strict_mig","variable",771.258160571112
"72",264,"Black Guillemot","Cepphus grylle","Species",368,429,360,57.5715482008774,"north","Cepphus grylle","Nonpasseriformes","Charadriiformes","BL3","Black Guillemot",40,0,0,60,0,0,0,0,0,0,"VertFishScav","Ref_3","A","Carolina",100,0,0,0,0,0,0,1,"Ref_3",1,"Jessica",0,378,"Dunning08",1,"","","strict_mig","variable",1279.8241568393
"73",266,"Puffin","Fratercula arctica","Species",208,186,153,57.2713165463854,"north","Fratercula arctica","Nonpasseriformes","Charadriiformes","BL3","Atlantic Puffin",20,0,0,80,0,0,0,0,0,0,"VertFishScav","Ref_3","A","Carolina",100,0,0,0,0,0,0,1,"Ref_3",1,"Jessica",0,593.01,"Dunning08",1,"","","strict_mig","variable",1435.17583243897
"74",268,"Rock Dove","Columba livia","Species",1499,2086,2222,54.410992094944,"north","Columba livia","Nonpasseriformes","Columbiformes","BL3","Rock Pigeon",10,0,0,0,0,0,0,0,60,30,"PlantSeed","Ref_4","A","Carolina",0,0,80,20,0,0,0,0,"Ref_4",1,"Jessica",0,354.2,"Dunning08",1,"","","resident","resident",0
"75",269,"Stock Dove","Columba oenas","Species",1956,1821,1917,53.1285049909977,"south","Columba oenas","Nonpasseriformes","Columbiformes","BL3","Stock Dove",20,0,0,0,0,0,0,0,40,40,"PlantSeed","Ref_4","A","Carolina",0,0,80,20,0,0,0,0,"Ref_4",1,"Jessica",0,290.79,"Dunning08",1,"","","partial_mig","variable",1502.7849239263
"76",270,"Woodpigeon","Columba palumbus","Species",2573,2510,2578,53.8778384094671,"south","Columba palumbus","Nonpasseriformes","Columbiformes","BL3","Common Wood-pigeon",0,0,0,0,0,0,30,0,30,40,"PlantSeed","Ref_4","A","Carolina",0,0,80,20,0,0,0,0,"Ref_4",1,"Jessica",0,490,"Dunning08",1,"","","partial_mig","variable",1629.01225881498
"77",271,"Collared Dove","Streptopelia decaocto","Species",2072,2210,2384,53.6581211722438,"south","Streptopelia decaocto","Nonpasseriformes","Columbiformes","BL3","Eurasian Collared-dove",10,0,0,0,0,0,30,0,40,20,"PlantSeed","Ref_4","A","Carolina",0,0,80,10,10,0,0,0,"Ref_4",1,"Jessica",0,148.96,"Dunning08",1,"","","resident","resident",0
"78",272,"Turtle Dove","Streptopelia turtur","Species",1252,940,617,52.3661845081485,"south","Streptopelia turtur","Nonpasseriformes","Columbiformes","BL3","European Turtle-dove",10,0,0,0,0,0,40,0,50,0,"Omnivore","Ref_4","A","Carolina",0,0,100,0,0,0,0,0,"Ref_4",1,"Jessica",0,132,"Dunning08",1,"","","strict_mig","long",3490.43478450897
"79",276,"Cuckoo","Cuculus canorus","Species",2548,2418,2363,53.9014058172276,"south","Cuculus canorus","Nonpasseriformes","Cuculiformes","BL3","Common Cuckoo",90,0,0,0,0,0,10,0,0,0,"Invertebrate","Ref_4","A","Carolina",0,0,20,20,40,20,0,0,"Ref_4",1,"Jessica",0,111.36,"Dunning08",1,"","","strict_mig","long",6012.96002820803
"80",279,"Barn Owl","Tyto alba","Species",1777,1110,1892,53.069930629476,"south","Tyto alba","Nonpasseriformes","Strigiformes","BL3","Barn Owl",10,80,10,0,0,0,0,0,0,0,"VertFishScav","Ref_5","A","Hamish",0,0,90,10,0,0,0,0,"Ref_5",1,"Christian",1,403.32,"Dunning08",1,"","","resident","resident",0
"81",284,"Little Owl","Athene noctua","Species",1381,1228,1238,52.3965676882637,"south","Athene noctua","Nonpasseriformes","Strigiformes","BL3","Little Owl",70,20,10,0,0,0,0,0,0,0,"Invertebrate","Ref_5","A","Hamish",0,0,80,10,10,0,0,0,"Ref_5",1,"Christian",1,168.92,"Dunning08",1,"","","resident","resident",0
"82",285,"Tawny Owl","Strix aluco","Species",2305,2054,2183,53.6795084367953,"south","Strix aluco","Nonpasseriformes","Strigiformes","BL3","Tawny Owl",10,80,10,0,0,0,0,0,0,0,"VertFishScav","Ref_5","A","Hamish",0,10,70,10,10,0,0,0,"Ref_5",1,"Christian",1,472.46,"Dunning08",1,"","","resident","resident",0
"83",286,"Long-eared Owl","Asio otus","Species",590,445,490,54.3830747891859,"north","Asio otus","Nonpasseriformes","Strigiformes","BL3","Long-eared Owl",0,100,0,0,0,0,0,0,0,0,"VertFishScav","Ref_5","A","Hamish",0,0,80,10,10,0,0,0,"Ref_5",1,"Christian",1,296.57,"Dunning08",1,"","","partial_mig","short",1437.65886718327
"84",287,"Short-eared Owl","Asio flammeus","Species",801,679,414,55.5483182158567,"north","Asio flammeus","Nonpasseriformes","Strigiformes","BL3","Short-eared Owl",0,100,0,0,0,0,0,0,0,0,"VertFishScav","Ref_5","A","Hamish",0,0,90,0,10,0,0,0,"Ref_5",1,"Christian",1,322.61,"Dunning08",1,"","","partial_mig","variable",2515.6424435681
"85",289,"Nightjar","Caprimulgus europaeus","Species",562,274,323,52.5204389170905,"south","Caprimulgus europaeus","Nonpasseriformes","Caprimulgiformes","BL3","Eurasian Nightjar",100,0,0,0,0,0,0,0,0,0,"Invertebrate","Ref_5","A","Hamish",0,0,20,60,10,0,10,0,"Ref_5",1,"Christian",1,67,"Dunning08",1,"","","strict_mig","long",5511.39896985025
"86",295,"Swift","Apus apus","Species",2201,2215,2127,53.4594720475124,"south","Apus apus","Nonpasseriformes","Apodiformes","BL3","Common Swift",100,0,0,0,0,0,0,0,0,0,"Invertebrate","Ref_5","A","Hamish",0,0,0,0,0,0,100,0,"Ref_5",1,"Christian",0,37.6,"Dunning08",1,"","","strict_mig","long",6272.37771473677
"87",300,"Kingfisher","Alcedo atthis","Species",1305,1224,1334,52.523059777357,"south","Alcedo atthis","Nonpasseriformes","Coraciiformes","BL3","Common Kingfisher",30,0,0,70,0,0,0,0,0,0,"VertFishScav","Ref_6","A","Hamish",100,0,0,0,0,0,0,0,"Ref_6",1,"Christian",0,31.09,"Dunning08",1,"","","partial_mig","variable",2590.3476510634
"88",308,"Green Woodpecker","Picus viridis","Species",1623,1555,1639,52.6842347861581,"south","Picus viridis","Nonpasseriformes","Piciformes","BL3","Eurasian Green Woodpecker",90,0,0,0,0,0,10,0,0,0,"Invertebrate","Ref_7","A","Jennifer",0,0,100,0,0,0,0,0,"Ref_7",1,"Jessica",0,176,"Dunning08",1,"","","resident","resident",0
"89",310,"Great Spotted Woodpecker","Dendrocopos major","Species",2050,1959,2334,53.5069087906758,"south","Dendrocopos major","Nonpasseriformes","Piciformes","BL3","Great Spotted Woodpecker",50,10,0,0,0,10,0,0,30,0,"Omnivore","Ref_7","A","Jennifer",0,0,0,20,40,30,10,0,"Ref_7",1,"Other",0,74.94,"Dunning08",1,"","","resident","resident",0
"90",311,"Lesser Spotted Woodpecker","Dryobates minor","Species",887,790,560,52.0478043279259,"south","Dendrocopos minor","Nonpasseriformes","Piciformes","BL3","Lesser Spotted Woodpecker",90,0,0,0,0,0,10,0,0,0,"Invertebrate","Ref_7","A","Jennifer",0,0,0,20,20,60,0,0,"Ref_7",1,"Jessica",0,19.8,"Dunning08",1,"","","resident","resident",0
"91",318,"Woodlark","Lullula arborea","Species",196,73,155,51.2520740494647,"south","Lullula arborea","Passeriformes","Passeriformes","BL3","Wood Lark",50,0,0,0,0,0,0,0,30,20,"Omnivore","Ref_9","A","Jennifer",0,0,100,0,0,0,0,0,"Ref_9",1,"Jessica",0,26.9,"Dunning08",1,"","","partial_mig","short",1085.67447063599
"92",319,"Skylark","Alauda arvensis","Species",2778,2729,2748,54.183434136614,"south","Alauda arvensis","Passeriformes","Passeriformes","BL3","Eurasian Skylark",40,0,0,0,0,0,0,0,40,20,"PlantSeed","Ref_9","A","Carolina",0,0,100,0,0,0,0,0,"Ref_9",1,"Jessica",0,37.31,"Dunning08",1,"","","partial_mig","variable",1902.57997359261
"93",321,"Sand Martin","Riparia riparia","Species",2043,1559,1751,53.9888203802295,"south","Riparia riparia","Passeriformes","Passeriformes","BL3","Sand Martin",100,0,0,0,0,0,0,0,0,0,"Invertebrate","Ref_9","A","Carolina",0,0,0,40,60,0,0,0,"Ref_9",1,"Jessica",0,12.68,"Dunning08",1,"","","strict_mig","long",5793.34431794164
"94",322,"Swallow","Hirundo rustica","Species",2600,2626,2685,53.9335182097991,"south","Hirundo rustica","Passeriformes","Passeriformes","BL3","Barn Swallow",80,0,0,0,0,0,10,0,10,0,"Invertebrate","Ref_9","A","Carolina",0,0,30,30,40,0,0,0,"Ref_9",1,"Jessica",0,17.91,"Dunning08",1,"","","strict_mig","long",5030.61575613198
"95",325,"House Martin","Delichon urbicum","Species",2425,2393,2500,53.724947485916,"south","Delichon urbicum","Passeriformes","Passeriformes","BL3","Northern House-martin",100,0,0,0,0,0,0,0,0,0,"Invertebrate","Ref_9","A","Carolina",0,0,0,0,33,33,33,0,"Ref_9",1,"Jessica",0,14.5,"Dunning08",1,"","","strict_mig","long",5606.82640787142
"96",330,"Tree Pipit","Anthus trivialis","Species",1793,1524,1269,53.7946551955515,"south","Anthus trivialis","Passeriformes","Passeriformes","BL3","Tree Pipit",60,0,0,0,0,0,10,10,10,10,"Invertebrate","Ref_9","A","Carolina",0,0,100,0,0,0,0,0,"Ref_43",1,"Jessica",0,23.33,"Dunning08",1,"","","strict_mig","long",4868.56038226539
"97",332,"Meadow Pipit","Anthus pratensis","Species",2626,2539,2571,54.3312354699601,"north","Anthus pratensis","Passeriformes","Passeriformes","BL3","Meadow Pipit",80,0,0,0,0,0,0,0,20,0,"Invertebrate","Ref_9","A","Carolina",0,0,70,20,10,0,0,0,"Ref_31",1,"Walter; Christian",0,18.4,"Dunning08",1,"","","partial_mig","variable",1884.71833917055
"98",334,"Yellow Wagtail","Motacilla flava","Species",1155,1047,785,52.8376204730414,"south","Motacilla flava","Passeriformes","Passeriformes","BL3","Yellow Wagtail",70,0,0,0,0,0,10,0,10,10,"Invertebrate","Ref_9","A","Carolina",0,0,100,0,0,0,0,0,"Ref_43",1,"Jessica",0,17.68,"Dunning08",1,"","","partial_mig","long",5065.72775723902
"99",336,"Grey Wagtail","Motacilla cinerea","Species",1845,1979,2189,54.0936247715597,"south","Motacilla cinerea","Passeriformes","Passeriformes","BL3","Grey Wagtail",100,0,0,0,0,0,0,0,0,0,"Invertebrate","Ref_9","A","Carolina",0,0,100,0,0,0,0,0,"Ref_43",1,"Jessica",0,17.15,"Dunning08",1,"","","partial_mig","variable",3535.2198091858
"100",337,"Pied/White Wagtail","Motacilla alba","Species",2662,2669,2734,54.0456751177191,"south","Motacilla alba","Passeriformes","Passeriformes","BL3","White Wagtail",100,0,0,0,0,0,0,0,0,0,"Invertebrate","Ref_9","A","Carolina",0,0,100,0,0,0,0,0,"Ref_43",1,"Jessica",0,23.93,"Dunning08",1,"","","partial_mig","variable",3339.69149637682
"101",339,"Dipper","Cinclus cinclus","Species",1434,1309,1296,54.7703335157972,"north","Cinclus cinclus","Passeriformes","Passeriformes","BL3","White-throated Dipper",80,0,0,20,0,0,0,0,0,0,"Invertebrate","Ref_10","A","Carolina",40,40,20,0,0,0,0,0,"Ref_10",1,"Jessica",0,61.47,"Dunning08",1,"","","partial_mig","short",1419.89946571799
"102",340,"Wren","Troglodytes troglodytes","Species",2757,2747,2773,54.1539377660024,"south","Troglodytes troglodytes","Passeriformes","Passeriformes","BL3","Winter Wren",60,0,10,10,0,0,10,0,10,0,"Invertebrate","Ref_10","A","Carolina",0,0,50,50,0,0,0,0,"Ref_10",1,"Walter; Jessica",0,9.74,"Dunning08",1,"","","partial_mig","short",1591.34696563524
"103",342,"Dunnock","Prunella modularis","Species",2601,2511,2619,53.8975150160883,"south","Prunella modularis","Passeriformes","Passeriformes","BL3","Hedge Accentor",50,0,0,0,0,0,0,0,50,0,"Omnivore","Ref_10","A","Carolina",0,0,100,0,0,0,0,0,"Ref_10",1,"Jessica",0,20.24,"Dunning08",1,"","","partial_mig","variable",1626.21173562207
"104",345,"Robin","Erithacus rubecula","Species",2609,2629,2662,53.9129517362984,"south","Erithacus rubecula","Passeriformes","Passeriformes","BL3","European Robin",40,0,10,10,0,10,20,0,10,0,"Omnivore","Ref_10","A","Carolina",0,0,50,50,0,0,0,0,"Ref_11",1,"Jessica",0,17.7,"Dunning08",1,"","","partial_mig","variable",1672.89601538766
"105",347,"Nightingale","Luscinia megarhynchos","Species",639,457,366,51.8180627056445,"south","Luscinia megarhynchos","Passeriformes","Passeriformes","BL3","Common Nightingale",70,0,0,0,0,0,20,0,10,0,"Invertebrate","Ref_10","A","Carolina",0,0,70,30,0,0,0,0,"Ref_11",1,"Jessica",0,19.6,"Dunning08",1,"","","strict_mig","long",4007.24586154043
"106",352,"Black Redstart","Phoenicurus ochruros","Species",68,103,131,51.7562081919019,"south","Phoenicurus ochruros","Passeriformes","Passeriformes","BL3","Black Redstart",60,0,0,0,0,0,30,0,10,0,"Invertebrate","Ref_10","A","Carolina",0,0,60,40,0,0,0,0,"Ref_11",1,"Jessica",0,16.5,"Dunning08",1,"","","partial_mig","variable",2139.7312266833
"107",353,"Redstart","Phoenicurus phoenicurus","Species",1661,1327,1144,54.0259500963628,"south","Phoenicurus phoenicurus","Passeriformes","Passeriformes","BL3","Common Redstart",80,0,0,0,0,0,20,0,0,0,"Invertebrate","Ref_10","A","Carolina",0,0,20,40,40,0,0,0,"Ref_11",1,"Jessica",0,14.59,"Dunning08",1,"","","strict_mig","long",4397.28448736654
"108",354,"Whinchat","Saxicola rubetra","Species",1676,1404,880,54.5067086639565,"north","Saxicola rubetra","Passeriformes","Passeriformes","BL3","Whinchat",70,0,0,0,0,0,20,0,10,0,"Invertebrate","Ref_10","A","Carolina",0,0,80,20,0,0,0,0,"Ref_11",1,"Jessica",0,16.6,"Dunning08",1,"","","strict_mig","long",4800.4119535713
"109",355,"Stonechat","Saxicola rubicola","Species",1217,1034,1870,54.475259738531,"north","Saxicola torquatus","Passeriformes","Passeriformes","BL3","Common Stonechat",70,0,0,0,10,0,10,0,10,0,"Invertebrate","Ref_10","A","Carolina",0,0,100,0,0,0,0,0,"Ref_11",1,"Jessica",0,14.09,"Dunning08",1,"","","partial_mig","variable",3744.49989839114
"110",357,"Wheatear","Oenanthe oenanthe","Species",1864,1738,1611,55.0753460052474,"north","Oenanthe oenanthe","Passeriformes","Passeriformes","BL3","Northern Wheatear",70,0,0,0,0,0,20,0,10,0,"Invertebrate","Ref_10","A","Carolina",0,0,100,0,0,0,0,0,"Ref_11",1,"Jessica",0,25.39,"Dunning08",1,"","","strict_mig","long",5316.75422452175
"111",370,"Ring Ouzel","Turdus torquatus","Species",745,544,424,55.5231854407769,"north","Turdus torquatus","Passeriformes","Passeriformes","BL3","Ring Ouzel",30,0,10,0,0,0,30,0,30,0,"Omnivore","Ref_10","A","Carolina",0,0,20,40,40,0,0,0,"Ref_10",1,"Jessica",0,109,"Dunning08",1,"","","strict_mig","variable",1562.63716262769
"112",371,"Blackbird","Turdus merula","Species",2722,2664,2705,54.1160871502422,"south","Turdus merula","Passeriformes","Passeriformes","BL3","Eurasian Blackbird",50,0,0,0,10,0,20,0,20,0,"Omnivore","Ref_10","A","Jennifer",0,0,60,20,20,0,0,0,"Ref_10",1,"Jessica",0,102.73,"Dunning08",1,"","","partial_mig","variable",1831.53673068853
"113",376,"Song Thrush","Turdus philomelos","Species",2680,2620,2653,54.022825694355,"south","Turdus philomelos","Passeriformes","Passeriformes","BL3","Song Thrush",40,0,0,0,0,0,30,0,30,0,"Omnivore","Ref_10","A","Carolina",0,0,100,0,0,0,0,0,"Ref_10",1,"Jessica",0,67.74,"Dunning08",1,"","","partial_mig","variable",2216.65139803657
"114",377,"Redwing","Turdus iliacus","Species",111,136,75,57.4038845990246,"north","Turdus iliacus","Passeriformes","Passeriformes","BL3","Redwing",40,0,0,0,0,0,30,0,20,10,"Omnivore","Ref_10","A","Carolina",0,0,50,50,0,0,0,0,"Ref_10",1,"Jessica",0,61.2,"Dunning08",1,"","","strict_mig","long",2358.0755860049
"115",378,"Mistle Thrush","Turdus viscivorus","Species",2449,2397,2453,53.7471391772251,"south","Turdus viscivorus","Passeriformes","Passeriformes","BL3","Mistle Thrush",40,0,0,0,0,0,20,0,20,20,"Omnivore","Ref_10","A","Carolina",0,0,60,20,10,10,0,0,"Ref_10",1,"Other",0,117.37,"Dunning08",1,"","","partial_mig","variable",1984.39958086353
"116",384,"Grasshopper Warbler","Locustella naevia","Species",1882,1189,1663,53.2515130366748,"south","Locustella naevia","Passeriformes","Passeriformes","BL3","Common Grasshopper-warbler",100,0,0,0,0,0,0,0,0,0,"Invertebrate","Ref_11","A","Jennifer",0,0,40,60,0,0,0,0,"Ref_11",1,"Jessica",0,13.3,"Dunning08",1,"","","strict_mig","long",3851.95653367753
"117",389,"Sedge Warbler","Acrocephalus schoenobaenus","Species",2069,1887,2138,53.7418141977484,"south","Acrocephalus schoenobaenus","Passeriformes","Passeriformes","BL3","Sedge Warbler",70,0,0,0,0,0,10,0,10,10,"Invertebrate","Ref_11","A","Jennifer",0,0,20,60,20,0,0,0,"Ref_11",1,"Jessica",0,11.83,"Dunning08",1,"","","strict_mig","long",5417.7011891341
"118",393,"Reed Warbler","Acrocephalus scirpaceus","Species",775,790,1087,52.1256419479026,"south","Acrocephalus scirpaceus","Passeriformes","Passeriformes","BL3","Eurasian Reed-warbler",70,0,0,0,0,0,10,0,10,10,"Invertebrate","Ref_11","A","Jennifer",0,0,20,80,0,0,0,0,"Ref_11",1,"Jessica",0,12.3,"Dunning08",1,"","","strict_mig","long",4222.12328959601
"119",409,"Lesser Whitethroat","Sylvia curruca","Species",1094,1271,1451,52.317148047258,"south","Sylvia curruca","Passeriformes","Passeriformes","BL3","Lesser Whitethroat",60,0,0,0,0,0,20,10,10,0,"Invertebrate","Ref_11","A","Jennifer",0,0,0,33,33,33,0,0,"Ref_11",1,"Jessica",0,11.44,"Dunning08",1,"","","strict_mig","long",3417.33207491531
"120",410,"Whitethroat","Sylvia communis","Species",2347,2186,2341,53.5710286791137,"south","Sylvia communis","Passeriformes","Passeriformes","BL3","Common Whitethroat",60,0,0,0,0,0,30,0,10,0,"Invertebrate","Ref_11","A","Jennifer",0,0,0,100,0,0,0,0,"Ref_11",1,"Jessica",0,15.1,"Dunning08",1,"","","strict_mig","long",4477.01363064048
"121",411,"Garden Warbler","Sylvia borin","Species",1833,1867,2061,53.0247687511688,"south","Sylvia borin","Passeriformes","Passeriformes","BL3","Garden Warbler",50,0,0,0,0,0,40,10,0,0,"Omnivore","Ref_11","A","Jennifer",0,0,0,60,20,20,0,0,"Ref_11",1,"Jessica",0,18.2,"Dunning08",1,"","","strict_mig","long",5756.656993476
"122",412,"Blackcap","Sylvia atricapilla","Species",1923,2048,2407,53.0279837463161,"south","Sylvia atricapilla","Passeriformes","Passeriformes","BL3","Blackcap",50,0,0,0,0,0,30,10,10,0,"Omnivore","Ref_11","A","Jennifer",0,0,0,0,100,0,0,0,"Ref_11",1,"Jessica",0,16.7,"Dunning08",1,"","","partial_mig","variable",2202.5091515955
"123",421,"Wood Warbler","Phylloscopus sibilatrix","Species",1230,1270,801,53.5949409398006,"south","Phylloscopus sibilatrix","Passeriformes","Passeriformes","BL3","Wood Warbler",80,0,0,0,0,0,20,0,0,0,"Invertebrate","Ref_11","A","Jennifer",0,0,0,50,0,50,0,0,"Ref_11",1,"Jessica",0,9.2,"Dunning08",1,"","","strict_mig","long",5163.4671976634
"124",422,"Chiffchaff","Phylloscopus collybita","Species",2003,2100,2396,53.1432881051872,"south","Phylloscopus collybita","Passeriformes","Passeriformes","BL3","Common Chiffchaff",80,0,0,0,0,0,10,0,10,0,"Invertebrate","Ref_11","A","Jennifer",0,0,25,25,25,25,0,0,"Ref_11",1,"Jessica",0,8.3,"Dunning08",1,"","","partial_mig","long",3646.74604138107
"125",423,"Willow Warbler","Phylloscopus trochilus","Species",2590,2602,2664,53.941050991532,"south","Phylloscopus trochilus","Passeriformes","Passeriformes","BL3","Willow Warbler",80,0,0,0,0,0,10,0,10,0,"Invertebrate","Ref_11","A","Jennifer",0,0,0,0,30,70,0,0,"Ref_11",1,"Jessica",0,8.7,"Dunning08",1,"","","strict_mig","long",6870.03323463227
"126",424,"Goldcrest","Regulus regulus","Species",2343,2327,2457,53.8144734712265,"south","Regulus regulus","Passeriformes","Passeriformes","BL3","Goldcrest",100,0,0,0,0,0,0,0,0,0,"Invertebrate","Ref_11","A","Jennifer",0,0,0,50,50,0,0,0,"Ref_11",1,"Jessica",0,5.54,"Dunning08",1,"","","partial_mig","short",1468.61479827629
"127",426,"Spotted Flycatcher","Muscicapa striata","Species",2435,2378,2205,53.7890602638405,"south","Muscicapa striata","Passeriformes","Passeriformes","BL3","Spotted Flycatcher",80,0,0,0,0,0,20,0,0,0,"Invertebrate","Ref_11","A","Hamish",0,0,60,40,0,0,0,0,"Ref_11",1,"Jessica",0,15.9,"Dunning08",1,"","","strict_mig","long",6026.27062975451
"128",429,"Pied Flycatcher","Ficedula hypoleuca","Species",546,732,534,53.8190578072241,"south","Ficedula hypoleuca","Passeriformes","Passeriformes","BL3","European Pied Flycatcher",100,0,0,0,0,0,0,0,0,0,"Invertebrate","Ref_11","A","Hamish",0,0,0,33,33,33,0,0,"Ref_11",1,"Jessica",0,13.79,"Dunning08",1,"","","strict_mig","long",5286.26767557973
"129",431,"Long-tailed Tit","Aegithalos caudatus","Species",2194,2106,2243,53.5465213256746,"south","Aegithalos caudatus","Passeriformes","Passeriformes","BL3","Long-tailed Tit",60,0,0,0,0,0,10,10,10,10,"Invertebrate","Ref_13","A","Carolina",0,0,10,40,10,40,0,0,"Ref_38",1,"Jessica",0,8.6,"Dunning08",1,"","","resident","resident",0
"130",432,"Marsh Tit","Poecile palustris","Species",1366,1133,1069,52.3363596574831,"south","Parus palustris","Passeriformes","Passeriformes","BL3","Marsh Tit",50,0,0,0,0,0,20,0,20,10,"Omnivore","Ref_12","A","Jennifer",0,0,0,20,80,0,0,0,"Ref_12",1,"Jessica",0,11.14,"Dunning08",1,"","","resident","resident",0
"131",433,"Willow Tit","Poecile montanus","Species",1220,1100,558,52.6187055371228,"south","Parus montanus","Passeriformes","Passeriformes","BL3","Willow Tit",60,0,0,0,0,0,20,0,20,0,"Invertebrate","Ref_12","A","Jennifer",0,0,0,20,80,0,0,0,"Ref_12",1,"Jessica",0,11.1,"Dunning08",1,"","","resident","resident",0
"132",435,"Coal Tit","Periparus ater","Species",2392,2315,2462,53.8408511873666,"south","Parus ater","Passeriformes","Passeriformes","BL3","Coal Tit",40,0,0,0,0,10,0,10,20,20,"Omnivore","Ref_12","A","Jennifer",0,0,100,0,0,0,0,0,"Ref_12",1,"Jessica",0,9.2,"Dunning08",1,"","","resident","resident",0
"133",436,"Blue Tit","Cyanistes caeruleus","Species",2518,2480,2554,53.7888198245317,"south","Parus caeruleus","Passeriformes","Passeriformes","BL3","Blue Tit",50,0,0,0,0,0,20,10,20,0,"Omnivore","Ref_12","A","Jennifer",0,0,10,30,30,30,0,0,"Ref_12",1,"Jessica",0,13.3,"PrimScale",1,"","","resident","resident",0
"134",437,"Great Tit","Parus major","Species",2457,2443,2548,53.736958368373,"south","Parus major","Passeriformes","Passeriformes","BL3","Great Tit",40,0,0,0,0,10,20,10,20,0,"Omnivore","Ref_12","A","Jennifer",0,0,0,20,60,20,0,0,"Ref_12",1,"Jessica",0,16.25,"Dunning08",1,"","","resident","resident",0
"135",438,"Nuthatch","Sitta europaea","Species",1174,1270,1588,52.1018551243706,"south","Sitta europaea","Passeriformes","Passeriformes","BL3","Wood Nuthatch",70,0,0,0,0,0,0,10,10,10,"Invertebrate","Ref_13","A","Carolina",0,0,33,33,33,0,0,0,"Ref_38",1,"Jessica",0,20.37,"Dunning08",1,"","","resident","resident",0
"136",440,"Treecreeper","Certhia familiaris","Species",2289,2120,2191,53.6898921125561,"south","Certhia familiaris","Passeriformes","Passeriformes","BL3","Eurasian Treecreeper",60,0,0,0,0,0,0,0,40,0,"Invertebrate","Ref_13","A","Carolina",0,0,40,30,30,0,0,0,"Ref_38",1,"Jessica",0,9,"Dunning08",1,"","","resident","resident",0
"137",449,"Jay","Garrulus glandarius","Species",1744,1713,1991,52.8094018510684,"south","Garrulus glandarius","Passeriformes","Passeriformes","BL3","Eurasian Jay",40,10,0,0,0,0,30,0,20,0,"Omnivore","Ref_14","A","Carolina",0,0,60,20,20,0,0,0,"Ref_30",1,"Other",0,159.46,"Dunning08",1,"","","resident","resident",0
"138",450,"Magpie","Pica pica","Species",1940,1958,2078,52.9864439419217,"south","Pica pica","Passeriformes","Passeriformes","BL3","Black-billed Magpie",20,20,20,0,0,20,10,0,10,0,"VertFishScav","Ref_14","A","Carolina",0,0,70,10,10,0,10,0,"Ref_30",1,"Other",0,217.48,"Dunning08",1,"","","resident","resident",0
"139",452,"Chough","Pyrrhocorax pyrrhocorax","Species",79,88,110,53.4425305840757,"south","Pyrrhocorax pyrrhocorax","Passeriformes","Passeriformes","BL3","Red-billed Chough",50,0,0,0,10,10,10,0,20,0,"Omnivore","Ref_14","A","Carolina",0,0,70,0,30,0,0,0,"Ref_30",1,"Christian",0,276.68,"Dunning08",1,"","","resident","resident",0
"140",453,"Jackdaw","Coloeus monedula","Species",2420,2344,2337,53.6775314750716,"south","Corvus monedula","Passeriformes","Passeriformes","BL3","Eurasian Jackdaw",30,10,0,0,0,0,30,0,30,0,"Omnivore","Ref_14","A","Carolina",0,0,50,20,20,10,0,0,"Ref_30",1,"Other",0,246,"Dunning08",1,"","","partial_mig","short",1852.93948905851
"141",454,"Rook","Corvus frugilegus","Species",2246,2237,2163,53.5695299509725,"south","Corvus frugilegus","Passeriformes","Passeriformes","BL3","Rook",30,10,10,0,0,10,0,0,40,0,"Omnivore","Ref_14","A","Carolina",0,0,90,10,0,0,0,0,"Ref_30",1,"Walter; Christian",0,452.1,"Dunning08",1,"","","partial_mig","variable",2019.80908376643
"142",455,"Carrion Crow","Corvus corone","Species",2285,2342,2417,53.4636714269023,"south","Corvus corone","Passeriformes","Passeriformes","BL3","Carrion Crow",30,20,20,0,0,20,0,0,10,0,"VertFishScav","Ref_14","A","Carolina",0,0,90,0,0,0,10,0,"Ref_30",1,"Walter; Christian",0,570,"Dunning08",1,"","","partial_mig","variable",2133.67126720447
"143",456,"Raven","Corvus corax","Species",1246,1131,1987,54.9975150353565,"north","Corvus corax","Passeriformes","Passeriformes","BL3","Common Raven",10,20,10,10,0,20,10,0,10,10,"VertFishScav","Ref_14","A","Carolina",0,0,80,0,10,0,10,0,"Ref_30",1,"Other",0,927.97,"Dunning08",1,"","","resident","resident",0
"144",457,"Starling","Sturnus vulgaris","Species",2720,2620,2576,54.1256480126803,"south","Sturnus vulgaris","Passeriformes","Passeriformes","BL3","Common Starling",20,0,10,0,0,10,30,10,20,0,"Omnivore","Ref_14","A","Carolina",0,0,80,20,0,0,0,0,"Ref_36",1,"Jessica",0,77.14,"Dunning08",1,"","","partial_mig","variable",2580.36384250733
"145",459,"House Sparrow","Passer domesticus","Species",2669,2525,2586,54.0759344138313,"south","Passer domesticus","Passeriformes","Passeriformes","BL3","House Sparrow",10,0,0,0,0,0,0,0,60,30,"PlantSeed","Ref_14","A","Carolina",0,0,50,50,0,0,0,0,"Ref_27",1,"Jessica",0,26.51,"Dunning08",1,"","","resident","resident",0
"146",461,"Tree Sparrow","Passer montanus","Species",1675,1346,998,53.3783671739694,"south","Passer montanus","Passeriformes","Passeriformes","BL3","Eurasian Tree Sparrow",40,0,0,0,0,0,0,0,60,0,"PlantSeed","Ref_14","A","Carolina",0,0,33,33,33,0,0,0,"Ref_27",1,"Jessica",0,21.39,"Dunning08",1,"","","resident","resident",0
"147",466,"Chaffinch","Fringilla coelebs","Species",2588,2602,2665,53.895463091108,"south","Fringilla coelebs","Passeriformes","Passeriformes","BL3","Eurasian Chaffinch",60,0,0,0,0,0,0,0,20,20,"Invertebrate","Ref_15","A","Jennifer",0,0,40,30,30,0,0,0,"Ref_27",1,"Other",0,23.81,"Dunning08",1,"","","partial_mig","variable",1734.11838094111
"148",470,"Greenfinch","Chloris chloris","Species",2390,2323,2549,53.6718544946374,"south","Carduelis chloris","Passeriformes","Passeriformes","BL3","European Greenfinch",0,0,0,0,0,0,0,0,100,0,"PlantSeed","Ref_15","A","Jennifer",0,0,40,30,30,0,0,0,"Ref_27",1,"Jessica",0,26,"Dunning08",1,"","","partial_mig","short",1153.49111130519
"149",471,"Goldfinch","Carduelis carduelis","Species",2099,2209,2440,53.1742738266307,"south","Carduelis carduelis","Passeriformes","Passeriformes","BL3","European Goldfinch",10,0,0,0,0,0,20,0,40,30,"PlantSeed","Ref_15","A","Jennifer",0,0,20,60,20,0,0,0,"Ref_27",1,"Jessica",0,16,"Dunning08",1,"","","partial_mig","short",2067.32709956863
"150",472,"Siskin","Spinus spinus","Species",625,1158,1782,56.0290067064153,"north","Carduelis spinus","Passeriformes","Passeriformes","BL3","Eurasian Siskin",10,0,0,0,0,0,30,0,30,30,"PlantSeed","Ref_15","A","Jennifer",0,0,0,50,50,0,0,0,"Ref_27",1,"Jessica",0,13.24,"Dunning08",1,"","","partial_mig","variable",1892.2282748597
"151",473,"Linnet","Linaria cannabina","Species",2383,2268,2406,53.6076725082691,"south","Carduelis cannabina","Passeriformes","Passeriformes","BL3","Eurasian Linnet",20,0,0,0,0,0,20,0,60,0,"PlantSeed","Ref_15","A","Jennifer",0,0,60,20,20,0,0,0,"Ref_27",1,"Jessica",0,19.53,"Dunning08",1,"","","partial_mig","short",1474.10276375639
"152",474,"Twite","Linaria flavirostris","Species",657,651,536,57.0965991624724,"north","Carduelis flavirostris","Passeriformes","Passeriformes","BL3","Twite",20,0,0,0,0,0,0,0,40,40,"PlantSeed","Ref_15","A","Jennifer",0,0,50,50,0,0,0,0,"Ref_27",1,"Jessica",0,15.4,"Dunning08",1,"","","partial_mig","variable",2698.93042510649
"153",484,"Bullfinch","Pyrrhula pyrrhula","Species",2326,2173,2299,53.6386454092344,"south","Pyrrhula pyrrhula","Passeriformes","Passeriformes","BL3","Eurasian Bullfinch",10,0,0,0,0,0,10,0,30,50,"PlantSeed","Ref_15","A","Jennifer",0,0,0,50,50,0,0,0,"Ref_27",1,"Jessica",0,24.26,"Dunning08",1,"","","partial_mig","short",1539.43212328489
"154",485,"Hawfinch","Coccothraustes coccothraustes","Species",459,315,113,52.5409398912384,"south","Coccothraustes coccothraustes","Passeriformes","Passeriformes","BL3","Hawfinch",10,0,0,0,0,0,20,0,30,40,"PlantSeed","Ref_15","A","Jennifer",0,0,0,20,60,20,0,0,"Ref_27",1,"Jessica",0,56.63,"Dunning08",1,"","","partial_mig","variable",1845.84947669902
"155",514,"Yellowhammer","Emberiza citrinella","Species",2438,2222,1939,53.7307306480268,"south","Emberiza citrinella","Passeriformes","Passeriformes","BL3","Yellowhammer",30,0,0,0,0,0,0,0,60,10,"PlantSeed","Other","D1","",0,0,100,0,0,0,0,0,"Ref_32",1,"Christian",0,29.7,"Dunning08",1,"","","partial_mig","short",1499.26043189403
"156",524,"Reed Bunting","Emberiza schoeniclus","Species",2480,2188,2351,54.0120480180041,"south","Emberiza schoeniclus","Passeriformes","Passeriformes","BL3","Reed Bunting",30,0,0,0,0,0,0,0,50,20,"PlantSeed","Ref_20","A","Jennifer",0,0,90,10,0,0,0,0,"Ref_31",1,"Christian",0,18.4,"Dunning08",1,"","","strict_mig","variable",2829.0076377815
"157",528,"Corn Bunting","Emberiza calandra","Species",1358,921,596,53.6404463034457,"south","Miliaria calandra","Passeriformes","Passeriformes","BL3","Corn Bunting",30,0,0,0,0,0,0,0,50,20,"PlantSeed","Ref_20","A","Jennifer",0,0,90,10,0,0,0,0,"Ref_31",1,"Christian",0,48.5,"Dunning08",1,"","","partial_mig","short",1767.05817582888
"158",900,"Rock Pipit","Anthus petrosus","Species",735,654,712,55.5791107387748,"north","Anthus petrosus","Passeriformes","Passeriformes","BL3","Rock Pipit",60,0,0,20,0,0,0,0,20,0,"Invertebrate","Ref_9","A","Carolina",0,0,80,20,0,0,0,0,"Ref_31",1,"Christian",0,22.4,"Dunning08",1,"","","partial_mig","short",956.182397713602
"159",910,"Hooded Crow","Corvus cornix","Species",682,687,679,57.4258841420795,"north","Corvus corone","Passeriformes","Passeriformes","BL3","Carrion Crow",30,20,20,0,0,20,0,0,10,0,"VertFishScav","Ref_14","A","Carolina",0,0,90,0,0,0,10,0,"Ref_30",1,"Walter; Christian",0,570,"Dunning08",1,"","","partial_mig","variable",2133.67126720447
"160",1079,"Lesser Redpoll","Acanthis cabaret","Species",1979,1754,1547,54.3732391343209,"north","Carduelis flammea","Passeriformes","Passeriformes","BL3","Common Redpoll",30,0,0,0,0,0,0,0,40,30,"PlantSeed","Ref_15","A","Jennifer",0,0,100,0,0,0,0,0,"Ref_27",1,"Jessica",0,13,"Dunning08",1,"","","partial_mig","variable",1536.21779456656
